email,first_name,last_name,source
chollingsby0@deviantart.com,Candy,Hollingsby,Bubblemix
gmoules1@jimdo.com,Gloriana,Moules,Flipopia
eisacke2@unblog.fr,Enrichetta,Isacke,Realmix
chollingsby0@deviantart.com,Candy,Hollingsby,Bubblemix
gmoules1@jimdo.com,Gloriana,Moules,Flipopia
gvandenbroek5@admin.ch,Gino,Van den Broek,Digitube
mwightman6@indiatimes.com,Modestia,Wightman,Twitterbridge
kwoolfall7@feedburner.com,Kath,Woolfall,Babbleopia
dminigo8@usnews.com,Dirk,Minigo,Youspan
jdummer9@feedburner.com,Joelynn,Dummer,Kaymbo
jeptona@yandex.ru,Joellen,Epton,Skyvu
iburrellsb@amazon.com,Issy,Burrells,Babblestorm
rdagnanc@theglobeandmail.com,Rene,Dagnan,Twitterbeat
boldakerd@icq.com,Bryanty,Oldaker,Minyx
rfaltine@eventbrite.com,Rancell,Faltin,Skynoodle
sfaillf@clickbank.net,Sherlock,Faill,Zava
mdevong@ebay.com,Mathian,Devon,Plambee
dminigo8@usnews.com,Dirk,Minigo,Youspan
jdummer9@feedburner.com,Joelynn,Dummer,Kaymbo
jeptona@yandex.ru,Joellen,Epton,Skyvu
creachk@weibo.com,Cleon,Reach,Thoughtstorm
jholbiel@ucoz.com,Jacques,Holbie,Pixope
bstenningsm@squarespace.com,Batholomew,Stennings,Divape
bdanfordn@reuters.com,Brigham,Danford,Thoughtstorm
msturgeono@fc2.com,Morganica,Sturgeon,Demizz
gkempsterp@qq.com,Gratiana,Kempster,Avamm
bloynesq@gnu.org,Bord,Loynes,Devshare
mellulr@ehow.com,Merrill,Ellul,Fliptune
wranscombes@drupal.org,Winonah,Ranscombe,Riffpath
dfittont@accuweather.com,Dorine,Fitton,Skiptube
rlabuschagneu@paginegialle.it,Ruperto,Labuschagne,Camido
cpondv@dell.com,Curran,Pond,Youopia
tpetrelliw@elegantthemes.com,Todd,Petrelli,Meejo
acuminex@facebook.com,Abbie,Cumine,Jabbercube
cpondv@dell.com,Curran,Pond,Youopia
khurdedgez@answers.com,Karna,Hurdedge,Flashset
gboylund10@skyrock.com,Gweneth,Boylund,Shufflester
ljeram11@unc.edu,Lou,Jeram,Zoombeat
ephayre12@artisteer.com,Emmy,Phayre,Cogibox
atrowl13@google.pl,Ambros,Trowl,Topiczoom
mrhelton14@infoseek.co.jp,Marcos,Rhelton,Jetwire
dgoldhill15@squarespace.com,Dosi,Goldhill,Vimbo
rsacher16@ebay.com,Roby,Sacher,Dabtype
asnoad17@nationalgeographic.com,Annecorinne,Snoad,Demimbu
chumfrey18@mayoclinic.com,Cullin,Humfrey,Jabbersphere
gcoulthart19@xing.com,Giuseppe,Coulthart,Mita
gperis1a@feedburner.com,Garry,Peris,Miboo
oocarran1b@elegantthemes.com,Oliviero,O'Carran,Trudoo
mbalas1c@exblog.jp,Monika,Balas,Yabox
ekuban1d@prlog.org,Eunice,Kuban,Oba
eblakeway1e@ucsd.edu,Evangelina,Blakeway,Topicshots
mjackes1f@bing.com,Maisie,Jackes,Vipe
teburah1g@barnesandnoble.com,Tally,Eburah,Feedmix
rofairy1h@walmart.com,Rubina,O'Fairy,Voonder
jdooher1i@berkeley.edu,Jack,Dooher,Feedfish
cwinward1j@whitehouse.gov,Clarance,Winward,Devpoint
dlonglands1k@shareasale.com,De,Longlands,Dynabox
wlairdcraig1l@nydailynews.com,Wilmette,Laird-Craig,Rhynyx
smatthiae1m@nydailynews.com,Sinclare,Matthiae,Edgeify
ldesquesnes1n@macromedia.com,Laurens,Desquesnes,Trilia
aprendergast1o@fema.gov,Alberik,Prendergast,Kazio
garistide1p@wordpress.org,Gualterio,Aristide,Yodel
krosenhaus1q@parallels.com,Knox,Rosenhaus,Flipbug
ssmeal1r@uol.com.br,Saundra,Smeal,Vidoo
odorot1s@imgur.com,Osbourn,Dorot,Shuffletag
cchurn1t@google.com.br,Carl,Churn,Meembee
asanten1u@istockphoto.com,Ashlen,Santen,Ailane
rleathard1v@mac.com,Roxine,Leathard,Omba
cwank1w@sbwire.com,Cherianne,Wank,Gabcube
cshanks1x@wikimedia.org,Cori,Shanks,Chatterbridge
abritton1y@hibu.com,Arnoldo,Britton,Dablist
adebiasi1z@bbc.co.uk,Alvis,De Biasi,Twiyo
mbeminster20@si.edu,Missy,Beminster,Yata
vhellwig21@soundcloud.com,Vivianna,Hellwig,Tagpad
lillsley22@examiner.com,Lissie,Illsley,Trudeo
lgrevile23@gmpg.org,Lily,Grevile,Brainbox
srenison24@tripadvisor.com,Salomon,Renison,Photofeed
bklaiser25@webeden.co.uk,Barth,Klaiser,Devify
mpowder26@fastcompany.com,Molli,Powder,Youtags
mcouch27@kickstarter.com,Morey,Couch,Mydeo
gdyball28@ftc.gov,Goldi,Dyball,Gevee
lseares29@fastcompany.com,Lissa,Seares,Camimbo
kgullberg2a@ebay.co.uk,Karoline,Gullberg,Plambee
mvolante2b@paypal.com,Mac,Volante,Jayo
sommundsen2c@comcast.net,Svend,Ommundsen,Divanoodle
jmercey2d@unc.edu,Justen,Mercey,Divavu
kfredi2e@imgur.com,Katti,Fredi,Topiclounge
ncobelli2f@dell.com,Nadia,Cobelli,Gevee
slumox2g@digg.com,Sonnie,Lumox,Zoomlounge
ogentner2h@usnews.com,Oralia,Gentner,Mynte
zesslemont2i@mediafire.com,Zerk,Esslemont,Fadeo
fhanniger2j@typepad.com,Flory,Hanniger,Yombu
gandrieux2k@house.gov,Gaylor,Andrieux,Topiclounge
ekelso2l@apache.org,Elset,Kelso,Flashset
dshurrock2m@wordpress.org,Deeyn,Shurrock,Jatri
sstubbs2n@zdnet.com,Scotti,Stubbs,Zoonoodle
agallego2o@netvibes.com,Agosto,Gallego,Snaptags
cphibb2p@cam.ac.uk,Corrie,Phibb,Oyoloo
btaplow2q@linkedin.com,Blake,Taplow,Gigaclub
szielinski2r@4shared.com,Sean,Zielinski,Miboo
aquartly2s@simplemachines.org,Arlinda,Quartly,Rhynoodle
ccockitt2t@intel.com,Christoper,Cockitt,Skajo
gleak2u@cafepress.com,Giovanna,Leak,Zoomdog
sdyers2v@bloomberg.com,Susi,Dyers,Tagtune
mdon2w@house.gov,Mel,Don,Jabbersphere
mclements2x@census.gov,Marcelo,Clements,Devcast
jcantua2y@baidu.com,Justus,Cantua,Rooxo
rarmin2z@macromedia.com,Randie,Armin,Flipstorm
scastanone30@zdnet.com,Sioux,Castanone,Blognation
keccleston31@i2i.jp,Kalindi,Eccleston,Shuffletag
ivispo32@woothemes.com,Ingamar,Vispo,Dabtype
aibotson33@nih.gov,Avery,Ibotson,Rooxo
leisikovitsh34@example.com,La verne,Eisikovitsh,Realpoint
elippitt35@tuttocitta.it,Emmaline,Lippitt,Voolia
wbrackstone36@tinypic.com,Wally,Brackstone,Gabtype
iwalcot37@indiegogo.com,Iago,Walcot,Gabcube
jgraalmans38@zdnet.com,Joseito,Graalmans,DabZ
gpudney39@purevolume.com,Giffie,Pudney,Kare
fhussey3a@theatlantic.com,Fay,Hussey,Voomm
lclac3b@va.gov,Laetitia,Clac,Eamia
vraggett3c@discuz.net,Vally,Raggett,Devpulse
echristopher3d@nps.gov,Emelita,Christopher,Trupe
jscotcher3e@whitehouse.gov,Jillie,Scotcher,Photobean
dchristopher3f@bbb.org,Dixie,Christopher,Dynabox
vcarwardine3g@google.com.au,Violette,Carwardine,Yodel
gfaires3h@vkontakte.ru,Gladys,Faires,Realcube
cwank1w@sbwire.com,Cherianne,Wank,Gabcube
cshanks1x@wikimedia.org,Cori,Shanks,Chatterbridge
abritton1y@hibu.com,Arnoldo,Britton,Dablist
adebiasi1z@bbc.co.uk,Alvis,De Biasi,Twiyo
vpurchon3m@phoca.cz,Violette,Purchon,Centidel
scockshott3n@xing.com,Sallee,Cockshott,Yakidoo
sbackshell3o@aboutads.info,Skylar,Backshell,Linklinks
brunchman3p@nps.gov,Benyamin,Runchman,Blogspan
cghelardi3q@fema.gov,Casandra,Ghelardi,Cogidoo
hplant3r@merriam-webster.com,Harper,Plant,Mydo
bmuxworthy3s@booking.com,Brian,Muxworthy,Topicware
gwheildon3t@economist.com,Glen,Wheildon,Kwimbee
middon3u@blogger.com,Merline,Iddon,Jaxworks
ibrambley3v@bbc.co.uk,Ingrid,Brambley,Oodoo
xtwinbrow3w@addthis.com,Xenia,Twinbrow,Babbleopia
obricksey3x@gravatar.com,Osborne,Bricksey,Twitternation
afrigout3y@ocn.ne.jp,Anissa,Frigout,Realcube
sberkley3z@stanford.edu,Sophey,Berkley,Vinder
mlaurens40@twitter.com,Madalyn,Laurens,Brainsphere
jblincko41@dyndns.org,Jannelle,Blincko,Divanoodle
mbuckingham42@epa.gov,Moises,Buckingham,Dynava
bavrahamy43@howstuffworks.com,Berna,Avrahamy,Eare
grous44@imgur.com,Garwood,Rous,Realcube
vslixby45@topsy.com,Veradis,Slixby,Gabspot
olambillion46@buzzfeed.com,Oliver,Lambillion,Blogpad
fbrion47@indiegogo.com,Franciska,Brion,Kanoodle
scasina48@dion.ne.jp,Sybilla,Casina,Katz
hedeson49@myspace.com,Henriette,Edeson,Edgepulse
mrapport4a@mtv.com,Meir,Rapport,Meejo
rtabard4b@aboutads.info,Ruddy,Tabard,Shufflester
eloidl4c@spiegel.de,Elwyn,Loidl,Bubblebox
nhancill4d@themeforest.net,Nancee,Hancill,Babbleblab
bjahner4e@bbb.org,Broderick,Jahner,Divape
wdonan4f@eventbrite.com,Ware,Donan,Wikivu
gsawl4g@independent.co.uk,George,Sawl,Lazzy
rbariball4h@stumbleupon.com,Reuven,Bariball,Bubblemix
lrasher4i@wordpress.org,Lyndel,Rasher,Dablist
tfree4j@wiley.com,Torie,Free,Skimia
gcochern4k@diigo.com,Gipsy,Cochern,Skiptube
eklulicek4l@yale.edu,Erik,Klulicek,Fivebridge
ljemmison4m@cpanel.net,Lodovico,Jemmison,Tambee
lokieran4n@abc.net.au,Leif,O'Kieran,Twitternation
bdanihel4o@squarespace.com,Bowie,Danihel,Feednation
wdalessio4p@cmu.edu,Wallis,D'Alessio,Vidoo
whodges4q@independent.co.uk,Winnah,Hodges,Browsebug
rsweatland4r@pen.io,Ring,Sweatland,Buzzster
vpatifield4s@topsy.com,Vitia,Patifield,Devpoint
ggaraway4t@oaic.gov.au,Goldarina,Garaway,Wikizz
amacavaddy4u@prlog.org,Andriana,MacAvaddy,Dabfeed
sgauld4v@utexas.edu,Susi,Gauld,Brightdog
astobbe4w@blogtalkradio.com,Amelita,Stobbe,Aimbu
tkyngdon4x@altervista.org,Trista,Kyngdon,Yoveo
mmariotte4y@reference.com,Melosa,Mariotte,Divavu
dwimmer4z@cnet.com,Danya,Wimmer,Realcube
hmoraleda50@yellowpages.com,Harwell,Moraleda,Fadeo
jcooksley51@hao123.com,Jonell,Cooksley,Thoughtbeat
krue52@msu.edu,Kacy,Rue,Blogtags
kmccrohon53@exblog.jp,Kanya,McCrohon,Jabbercube
rdennis54@usatoday.com,Rem,Dennis,Zoovu
btoderi55@abc.net.au,Brandtr,Toderi,Blognation
jweedon56@pen.io,Jandy,Weedon,Browsezoom
dcanizares57@google.nl,Duky,Canizares,Dazzlesphere
hmcnab58@dailymotion.com,Huey,McNab,Photolist
aoneill59@bloomberg.com,Alonzo,Oneill,JumpXS
nyglesia5a@ucla.edu,Nels,Yglesia,Jayo
tteggart5b@1688.com,Thedrick,Teggart,Eidel
cvynall5c@hugedomains.com,Carlotta,Vynall,Realcube
emarians5d@desdev.cn,Ethan,Marians,Cogilith
btredinnick5e@xrea.com,Beau,Tredinnick,Devify
rdenington5f@about.me,Robbi,Denington,Devbug
tzincke5g@de.vu,Tomasine,Zincke,Skimia
kvinnicombe5h@tinypic.com,Kimberlyn,Vinnicombe,Skimia
eolivelli5i@nih.gov,Emmanuel,Olivelli,Agivu
edemichetti5j@ifeng.com,Emyle,De Michetti,Izio
ipurvess5k@ucoz.com,Ian,Purvess,Quamba
fmckibbin5l@princeton.edu,Farly,McKibbin,Tanoodle
rmacgee5m@delicious.com,Renee,MacGee,Jaxnation
diliffe5n@booking.com,Doug,Iliffe,Thoughtbridge
daguirrezabal5o@irs.gov,Diandra,Aguirrezabal,Mycat
uraistrick5p@angelfire.com,Ulla,Raistrick,Jabbersphere
jspencley5q@youtu.be,Johannah,Spencley,Wikivu
livanets5r@tuttocitta.it,Leesa,Ivanets,Edgewire
awheatland5s@storify.com,Andreas,Wheatland,Mita
hfraschini5t@guardian.co.uk,Hamel,Fraschini,Twitterworks
dhughf5u@people.com.cn,Denna,Hughf,Topicware
emylan5v@ocn.ne.jp,Evered,Mylan,Yakitri
bpoxon5w@theatlantic.com,Babb,Poxon,Tagchat
gtschierse5x@npr.org,Grantham,Tschierse,Devcast
sjenkins5y@sciencedaily.com,Smith,Jenkins,Edgeify
atrevon5z@mlb.com,Alisha,Trevon,Skimia
acanny60@hubpages.com,Ashbey,Canny,Jabbertype
dperrott61@smh.com.au,Dorine,Perrott,Demizz
jmoxley62@cocolog-nifty.com,Jonis,Moxley,Kamba
jpattini63@cornell.edu,Jephthah,Pattini,Linkbuzz
kupstone64@hugedomains.com,Karl,Upstone,Aivee
lboal65@4shared.com,Leonard,Boal,Oyonder
sfortin66@altervista.org,Saunders,Fortin,Topicware
atilt67@hexun.com,Ariella,Tilt,Skilith
jbaglow68@ibm.com,Jerrold,Baglow,Zooxo
gcaustick69@printfriendly.com,Godfree,Caustick,Youfeed
vfeatherstonhalgh6a@salon.com,Velvet,Featherstonhalgh,LiveZ
hmacdermand6b@intel.com,Hattie,MacDermand,Thoughtstorm
cmacdougal6c@google.es,Cob,MacDougal,Jabbercube
fricold6d@goo.gl,Fields,Ricold,Devpulse
egreader6e@dedecms.com,Esmeralda,Greader,Meedoo
scanfer6f@mapy.cz,Sylvan,Canfer,Meedoo
dlemoucheux6g@tripadvisor.com,Dominga,Le Moucheux,Thoughtmix
lgillow6h@blogger.com,Loren,Gillow,Zoozzy
gbuckmaster6i@ask.com,Gizela,Buckmaster,Bluezoom
jpiddlesden6j@webeden.co.uk,Julio,Piddlesden,Skivee
rcockshut6k@cbslocal.com,Rebeca,Cockshut,Wordify
spull6l@squidoo.com,Sophia,Pull,Youopia
scaffin6m@xinhuanet.com,Sergent,Caffin,Quire
bswallow6n@nationalgeographic.com,Brigitta,Swallow,Kwimbee
cbeaton6o@xing.com,Carena,Beaton,BlogXS
cvasyatkin6p@behance.net,Christophorus,Vasyatkin,Wikivu
rquartermaine6q@tiny.cc,Rachelle,Quartermaine,Tambee
gbellwood6r@usgs.gov,Garik,Bellwood,Rhyloo
mduns6s@noaa.gov,Mariam,Duns,Yata
ddewen6t@webnode.com,Davis,Dewen,Fivechat
hmcgoon6u@networksolutions.com,Hilliary,McGoon,Livetube
pyole6v@weather.com,Priscella,Yole,Skidoo
kleman6w@sourceforge.net,Karyn,Leman,Realmix
bmcsperrin6x@un.org,Bili,McSperrin,Tagtune
ttawton6y@dagondesign.com,Tadeas,Tawton,Aimbu
graeside6z@homestead.com,Ginelle,Raeside,Jaxworks
kterney70@accuweather.com,Kessiah,Terney,Twitterworks
dstatton71@hostgator.com,Donna,Statton,Flipopia
mscannell72@zimbio.com,Milzie,Scannell,Oba
bavrahamy43@howstuffworks.com,Berna,Avrahamy,Eare
grous44@imgur.com,Garwood,Rous,Realcube
vslixby45@topsy.com,Veradis,Slixby,Gabspot
olambillion46@buzzfeed.com,Oliver,Lambillion,Blogpad
fbrion47@indiegogo.com,Franciska,Brion,Kanoodle
scasina48@dion.ne.jp,Sybilla,Casina,Katz
ofechnie79@deviantart.com,Oby,Fechnie,Fatz
lselwyn7a@ustream.tv,Lucine,Selwyn,Skyble
asynan7b@gnu.org,Antonietta,Synan,Realblab
cramard7c@tinyurl.com,Consolata,Ramard,Aibox
cdislee7d@yellowpages.com,Cynthea,Dislee,Linklinks
lpolin7e@paypal.com,Leonard,Polin,Brightbean
fguirau7f@edublogs.org,Florenza,Guirau,Miboo
nbodleigh7g@mysql.com,Nial,Bodleigh,Topicstorm
rdunstan7h@slate.com,Ryann,Dunstan,Edgeclub
vcoppen7i@prnewswire.com,Vance,Coppen,Skynoodle
cgerault7j@va.gov,Cleavland,Gerault,Rhycero
geusden7k@behance.net,Gallagher,Eusden,Shufflester
amackness7l@mapy.cz,Alys,Mackness,Demivee
fmonelli7m@sciencedirect.com,Faulkner,Monelli,Yotz
emattioni7n@w3.org,Evangelina,Mattioni,Demimbu
mcatchpole7o@marriott.com,Mufi,Catchpole,Centidel
tdracey7p@reverbnation.com,Tiena,Dracey,Trilith
kdibling7q@ask.com,Ky,Dibling,Bubblemix
candriveaux7r@intel.com,Christina,Andriveaux,Thoughtbeat
jdunbobin7s@google.com.hk,Jayne,Dunbobin,Zava
abeeck7t@slashdot.org,Alfonso,Beeck,Flashdog
fwank7u@furl.net,Fedora,Wank,Meetz
mboote7v@yelp.com,Magnum,Boote,Jabberstorm
bstevings7w@google.ca,Bendix,Stevings,Yacero
cleynagh7x@simplemachines.org,Charmian,Leynagh,Gevee
atreven7y@meetup.com,Audi,Treven,Edgetag
tshackelton7z@purevolume.com,Towney,Shackelton,Wordpedia
spenlington80@live.com,Sallee,Penlington,Quinu
gkerrane81@dmoz.org,Godard,Kerrane,Quimba
dsketchley82@europa.eu,Doreen,Sketchley,Thoughtworks
uaucutt83@dyndns.org,Ugo,Aucutt,Viva
mbirbeck84@amazonaws.com,Maryanne,Birbeck,Avamba
mnoirel85@is.gd,Martelle,Noirel,Photospace
swhickman86@oracle.com,Sela,Whickman,Jaloo
cdymocke87@youtube.com,Chloris,Dymocke,Yakijo
ajacombs88@nature.com,Aymer,Jacombs,Rooxo
cdegliantoni89@state.gov,Curt,Degli Antoni,Twitterbeat
mowen8a@timesonline.co.uk,Magda,Owen,Plambee
agourley8b@com.com,Adriena,Gourley,Yodoo
bputtergill8c@furl.net,Brigida,Puttergill,Feedfire
khawkswood8d@list-manage.com,Kelci,Hawkswood,Cogilith
cdrivers8e@w3.org,Cyrillus,Drivers,Wordify
swhiteland8f@google.nl,Shirley,Whiteland,Babbleopia
jagott8g@123-reg.co.uk,Judas,Agott,Youfeed
fdumbrall8h@skyrock.com,Fletch,Dumbrall,Brainbox
rbrauner8i@prnewswire.com,Rex,Brauner,Jetpulse
mgallant8j@purevolume.com,Mariana,Gallant,Avavee
fvossgen8k@flickr.com,Fidelity,Vossgen,Mybuzz
dbrazelton8l@si.edu,Douglass,Brazelton,Skaboo
pheineking8m@elegantthemes.com,Prescott,Heineking,Midel
ethrossell8n@google.cn,Emanuele,Throssell,Youopia
krosario8o@artisteer.com,Kaylee,Rosario,Vipe
eedinborough8p@imdb.com,Evangelia,Edinborough,Yodel
lsurman8q@noaa.gov,Lee,Surman,Devpoint
sloan8r@rambler.ru,Sayres,Loan,Buzzster
schopin8s@google.ru,Scarface,Chopin,Skyble
aswallow8t@google.pl,Aldous,Swallow,Edgetag
jmasse8u@nps.gov,Judy,Masse,Skipstorm
elibri8v@technorati.com,Ethe,Libri,Edgeclub
edaintith8w@a8.net,Eran,Daintith,Ooba
vsalkeld8x@cnet.com,Virgilio,Salkeld,Youbridge
rstirrip8y@ning.com,Richmond,Stirrip,Kwinu
ldumphry8z@comcast.net,Leela,Dumphry,Buzzbean
ibertlin90@cpanel.net,Izabel,Bertlin,Youtags
jconnechy91@npr.org,Jannelle,Connechy,Oyondu
serb92@apple.com,Sander,Erb,Kamba
cgut93@squarespace.com,Celisse,Gut,Katz
fstandbrook94@flavors.me,Florence,Standbrook,Ooba
zyate95@utexas.edu,Zarla,Yate,Buzzbean
flouedey96@printfriendly.com,Frederich,Louedey,Zoomcast
lohm97@pen.io,Lucienne,Ohm,Quimba
tpracy98@histats.com,Timmi,Pracy,Devbug
thinken99@qq.com,Tymon,Hinken,Geba
cbrolly9a@dailymotion.com,Chad,Brolly,Thoughtworks
akealey9b@ehow.com,Alexandro,Kealey,Flashdog
jmethven9c@google.fr,Jerri,Methven,Abata
hpaddy9d@ustream.tv,Hamlen,Paddy,Riffwire
dcorson9e@ustream.tv,Devonne,Corson,Mybuzz
lfancet9f@wisc.edu,Leanna,Fancet,Tazzy
tbeche9g@elpais.com,Thatch,Beche,Mynte
jbrotherwood9h@zimbio.com,Jacquetta,Brotherwood,Photojam
jlaweles9i@latimes.com,Jammal,Laweles,Oyoyo
chuller9j@cdc.gov,Christos,Huller,Oloo
lwillows9k@multiply.com,Lorry,Willows,Photojam
knewbury9l@canalblog.com,Katha,Newbury,Tambee
mcornu9m@usda.gov,Manon,Cornu,Aimbu
dgeorge9n@bloglines.com,Dinnie,George,Fiveclub
tlauret9o@xing.com,Terrence,Lauret,Trudoo
esoal9p@redcross.org,Eleanore,Soal,Dabvine
coffener9q@timesonline.co.uk,Celinda,Offener,Chatterbridge
gfulham9r@flickr.com,Gray,Fulham,Edgetag
dbremen9s@cmu.edu,Delora,Bremen,Pixonyx
dbart9t@eventbrite.com,Dre,Bart,Yakidoo
emerrien9u@yale.edu,Emmerich,Merrien,Voomm
ivanhault9v@yolasite.com,Irita,Van Hault,Skyba
tgiroldi9w@hatena.ne.jp,Tremayne,Giroldi,Meevee
tsherborne9x@ibm.com,Thorsten,Sherborne,Tekfly
hvonnassau9y@washingtonpost.com,Haven,von Nassau,Edgetag
mantunes9z@yahoo.co.jp,Melantha,Antunes,Fadeo
lalkera0@army.mil,Lavena,Alker,Feednation
rkuhnea1@yahoo.co.jp,Rufe,Kuhne,Dablist
acobelloa2@addthis.com,Annetta,Cobello,Skipstorm
nmallena3@dedecms.com,Nadiya,Mallen,Twitternation
atheisa4@networkadvertising.org,Annemarie,Theis,Trunyx
ascrangea5@businessweek.com,Alessandra,Scrange,Fanoodle
againfortha6@cisco.com,Ashby,Gainforth,Voonte
nlevenea7@china.com.cn,Nathanil,Levene,Dabshots
jjohnigana8@google.com,Jaquelyn,Johnigan,Browsedrive
bsijmonsa9@mail.ru,Boote,Sijmons,Twitterwire
dchidlowaa@chronoengine.com,Dael,Chidlow,Trudoo
efeaviourab@cargocollective.com,Elset,Feaviour,Pixoboo
ghawkac@about.me,Garrot,Hawk,Browseblab
mbruckentalad@mapy.cz,Melody,Bruckental,Devbug
barmfieldae@baidu.com,Berke,Armfield,Browsezoom
dbewsheaaf@sina.com.cn,Dacy,Bewshea,Buzzster
aendrizziag@answers.com,Alfred,Endrizzi,Minyx
cramseyah@blogspot.com,Constantia,Ramsey,Viva
ascollanai@quantcast.com,Adoree,Scollan,Photobug
ddawberaj@delicious.com,Dahlia,Dawber,Voonder
elohdenak@xrea.com,Electra,Lohden,Tekfly
hwoollonsal@accuweather.com,Hazel,Woollons,Fivechat
gmarwoodam@cnbc.com,Glenna,Marwood,Kare
araggettan@nbcnews.com,Aaren,Raggett,Devbug
lburdessao@biblegateway.com,Lynna,Burdess,Dynazzy
cgheorghescuap@sciencedirect.com,Christoffer,Gheorghescu,Fanoodle
ckrystekaq@over-blog.com,Celia,Krystek,Wikibox
fattackar@phpbb.com,Faunie,Attack,Gabtype
psalzburgas@usda.gov,Pepillo,Salzburg,Camimbo
hgrollmannat@state.tx.us,Hally,Grollmann,Jatri
jmarczykau@fc2.com,Jourdan,Marczyk,Dynazzy
enunanav@w3.org,Emmerich,Nunan,Yodel
gsamsonsenaw@upenn.edu,Gerhardine,Samsonsen,Cogilith
mwetheredax@elegantthemes.com,Melessa,Wethered,Skidoo
cdaenenay@networkadvertising.org,Cherin,Daenen,Zooveo
csandwickaz@businessweek.com,Casey,Sandwick,Yodel
sgasonb0@bigcartel.com,Saw,Gason,Wordtune
tpinningtonb1@tinypic.com,Timmy,Pinnington,Talane
rfalconertaylorb2@canalblog.com,Roland,Falconer-Taylor,Einti
lroacheb3@usa.gov,Lewiss,Roache,Oyonder
hgranvilleb4@skyrock.com,Hoyt,Granville,Yabox
hesplinb5@dmoz.org,Hobart,Esplin,Devcast
acorstorphineb6@cargocollective.com,Avie,Corstorphine,Topicshots
jdilnotb7@github.io,Johnath,Dilnot,Fliptune
ratleeb8@lulu.com,Ryan,Atlee,Babbleset
hjanuszb9@salon.com,Hubert,Janusz,Zava
bgrishinovba@narod.ru,Bail,Grishinov,Skyba
bollingtonbb@alibaba.com,Babita,Ollington,InnoZ
bfitchetbc@posterous.com,Brandise,Fitchet,Skibox
hcritzenbd@so-net.ne.jp,Hewe,Critzen,Fatz
mdelatremoillebe@acquirethisname.com,Maiga,de la Tremoille,Yakidoo
bsouthwellbf@last.fm,Brade,Southwell,Voomm
lhinnersbg@shutterfly.com,Lalo,Hinners,Yakitri
lmcconachiebh@woothemes.com,Lief,McConachie,Divape
npopovbi@princeton.edu,Ninette,Popov,Centizu
tostickbj@xrea.com,Thayne,Ostick,Photospace
palveybk@comsenz.com,Pepe,Alvey,Fanoodle
djosephibl@msu.edu,Dyna,Josephi,Kanoodle
rjerromebm@yelp.com,Raviv,Jerrome,Tazzy
frustedgebn@etsy.com,Fair,Rustedge,Skipfire
rvedstrabo@ovh.net,Rockey,Vedstra,Youopia
nhugonnetbp@prlog.org,Noach,Hugonnet,Browsetype
wabrashkinbq@geocities.com,Wally,Abrashkin,Teklist
ddeasonbr@networkadvertising.org,Darnell,Deason,Skalith
cdyottbs@phpbb.com,Conan,Dyott,Kwilith
mbirkettbt@soundcloud.com,Marlow,Birkett,Vitz
bmaxworthybu@tuttocitta.it,Brett,Maxworthy,Topicblab
chaugerbv@constantcontact.com,Caprice,Hauger,Wikivu
jbalderstonebw@e-recht24.de,Jaclyn,Balderstone,Zoomdog
awaithbx@washingtonpost.com,Amara,Waith,Trilia
rschurckeby@unicef.org,Raffaello,Schurcke,Oyondu
mterranbz@ihg.com,Malva,Terran,Devbug
lcroisierc0@gizmodo.com,Lay,Croisier,Devshare
hrappac1@indiegogo.com,Hiram,Rappa,Mybuzz
gnayshec2@ifeng.com,Gill,Nayshe,Avavee
rklimentovc3@gizmodo.com,Rachele,Klimentov,Yadel
wbeateyc4@fastcompany.com,Wiatt,Beatey,Zoozzy
djasperc5@privacy.gov.au,Delano,Jasper,Abata
rpetrikc6@shutterfly.com,Rubia,Petrik,Gevee
thundayc7@sogou.com,Theo,Hunday,Kanoodle
mlaurencec8@sina.com.cn,Michelle,Laurence,Meevee
twallsworthc9@vinaora.com,Terrill,Wallsworth,Mita
kbirdsca@phpbb.com,Kattie,Birds,Divavu
rhanbidgecb@arizona.edu,Ruthy,Hanbidge,Dabfeed
jclashcc@dailymotion.com,Jesus,Clash,Realblab
bislandcd@com.com,Bonny,Island,Yamia
rhubbocksce@photobucket.com,Ravid,Hubbocks,Rhyloo
bsteancf@phoca.cz,Bo,Stean,Vinder
vdoctorcg@wikipedia.org,Virgie,Doctor,Jayo
amillwallch@hibu.com,Ardyth,Millwall,Thoughtstorm
privardci@java.com,Phelia,Rivard,Eadel
ktwycrosscj@hugedomains.com,Kirk,Twycross,Meembee
erobisonck@feedburner.com,Edwina,Robison,Ainyx
swarhamcl@howstuffworks.com,Shandeigh,Warham,Vinte
cblownecm@psu.edu,Cheston,Blowne,Tagpad
kheapecn@shinystat.com,Katharina,Heape,Feedfish
nandreaccioco@vinaora.com,Nadia,Andreaccio,Babbleopia
mwridecp@si.edu,Myrtia,Wride,Jaloo
wkinsellacq@europa.eu,Worthington,Kinsella,Divape
ebartlamcr@webeden.co.uk,Elysee,Bartlam,Kwilith
aloveittcs@japanpost.jp,Alexio,Loveitt,Brightbean
jpearnct@rediff.com,Jacquenetta,Pearn,Divanoodle
abarbrickcu@i2i.jp,Artemis,Barbrick,JumpXS
afitchettcv@ucoz.com,Aidan,Fitchett,Zoombeat
kblackstonecw@google.nl,Kevon,Blackstone,Cogidoo
vwernhamcx@uol.com.br,Van,Wernham,Fliptune
vpurvescy@slate.com,Vonnie,Purves,Aimbu
jrenfrewcz@qq.com,Joelie,Renfrew,Jatri
cjonked0@w3.org,Cleavland,Jonke,Skinte
msoutherelld1@surveymonkey.com,Merwyn,Southerell,Pixonyx
rquaintond2@imgur.com,Ritchie,Quainton,Feedbug
dberrisfordd3@phpbb.com,Dom,Berrisford,Tazz
agrimselld4@qq.com,Ailey,Grimsell,Einti
dsuttond5@github.io,Deeyn,Sutton,Mycat
mglabachd6@washingtonpost.com,Marchall,Glabach,Youfeed
tglewed7@imageshack.us,Tanitansy,Glewe,Devshare
etreweekd8@amazon.de,Elianore,Treweek,Dynava
qlynchd9@xinhuanet.com,Quentin,Lynch,Fadeo
nguiseda@elegantthemes.com,Natalie,Guise,Eazzy
svernedb@wix.com,Sanders,Verne,Tagfeed
doconneldc@1688.com,Don,O'Connel,Zoovu
dsplevinsdd@prweb.com,Dede,Splevins,Quaxo
estonuaryde@globo.com,Eveline,Stonuary,Pixonyx
hparsanddf@ft.com,Harv,Parsand,Photojam
achasemoredg@discovery.com,Arabele,Chasemore,Oozz
sgurlingdh@webs.com,Stavro,Gurling,Oozz
bfishponddi@unesco.org,Bessie,Fishpond,Youspan
bfrantzendj@ted.com,Bellanca,Frantzen,Myworks
bjedrzejkiewiczdk@hexun.com,Baily,Jedrzejkiewicz,Plajo
sdickersondl@surveymonkey.com,Saunder,Dickerson,Realcube
ncampanelledm@nydailynews.com,Nikaniki,Campanelle,Tagchat
acrathornedn@pbs.org,Atlante,Crathorne,Aivee
mleando@163.com,Minna,Lean,Oozz
nweldrickdp@comsenz.com,Nataline,Weldrick,Quinu
ecormodedq@cam.ac.uk,Elizabet,Cormode,Yakijo
sgerdesdr@hud.gov,Stormy,Gerdes,Twinte
ifridlingtonds@qq.com,Ilyssa,Fridlington,Yabox
cpetcherdt@bizjournals.com,Cristal,Petcher,Photofeed
wchattertondu@loc.gov,Webster,Chatterton,Tazzy
ujuppedv@google.com.hk,Ulrica,Juppe,Skalith
mstubbedw@paypal.com,Mikael,Stubbe,Dynabox
cgenesedx@reddit.com,Chilton,Genese,Oozz
mchancellordy@eventbrite.com,Mag,Chancellor,Skivee
nwattingdz@princeton.edu,Niels,Watting,Trunyx
odavisone0@uol.com.br,Orren,Davison,Npath
rchartmane1@ebay.com,Rutter,Chartman,Roombo
glivermoree2@weebly.com,Gray,Livermore,Zoovu
nhayfielde3@cisco.com,Nealson,Hayfield,Vimbo
bkinnairde4@archive.org,Binnie,Kinnaird,Edgewire
cwyburne5@istockphoto.com,Coop,Wyburn,Mynte
njobe6@livejournal.com,Nancey,Job,Quatz
mquakleye7@mapquest.com,Maxie,Quakley,Photolist
pmottee8@disqus.com,Penelopa,Motte,Voolith
vlancastlee9@japanpost.jp,Vinni,Lancastle,Lazzy
aarterea@examiner.com,Adrien,Arter,Twitterbridge
cwilhelmyeb@tripadvisor.com,Candida,Wilhelmy,Devify
bimlackeec@washingtonpost.com,Burtie,Imlacke,Dabtype
swinwrighted@cam.ac.uk,Stanislaw,Winwright,Katz
kmummee@answers.com,Kelila,Mumm,Twimm
hdanksef@stumbleupon.com,Hermione,Danks,Yozio
ddittseg@printfriendly.com,Desiri,Ditts,Twitterbeat
lhaulkhameh@wisc.edu,Lizzy,Haulkham,Rhybox
mlidgertonei@pinterest.com,Morty,Lidgerton,Plajo
mgammettej@icq.com,Millicent,Gammett,Eamia
ekerinek@baidu.com,Eddie,Kerin,Devify
ftaffreyel@xrea.com,Freddy,Taffrey,Skivee
ejackettem@redcross.org,Essy,Jackett,Gigabox
jmariolleen@nationalgeographic.com,June,Mariolle,Dabvine
acheetameo@army.mil,Adriaens,Cheetam,Voonte
ajoselevitchep@moonfruit.com,Alexandra,Joselevitch,Wordtune
mbutsoneq@so-net.ne.jp,Maisey,Butson,Mybuzz
mmurrumer@telegraph.co.uk,Mikael,Murrum,Wordify
habreyes@springer.com,Herschel,Abrey,Feedbug
atruceet@pen.io,Ann-marie,Truce,Flashspan
dmidnereu@mozilla.com,Darrel,Midner,Tekfly
omacgowev@lycos.com,Octavius,MacGow,Flashpoint
agumbyew@gmpg.org,Annecorinne,Gumby,Divavu
echubbex@geocities.jp,Erma,Chubb,Zoomcast
kdomaney@thetimes.co.uk,Keelby,Doman,Voolith
tsadryez@indiegogo.com,Townie,Sadry,Bubbletube
pbyromf0@goodreads.com,Patricio,Byrom,Quinu
ealdertonf1@nba.com,Ermentrude,Alderton,Miboo
agladmanf2@printfriendly.com,Aloysia,Gladman,Twinte
dgribbinf3@opera.com,Diannne,Gribbin,Edgepulse
hrahlf4@artisteer.com,Hettie,Rahl,Fivespan
risacf5@ifeng.com,Rodolfo,Isac,Devshare
jcristofanof6@netvibes.com,Joanne,Cristofano,Devshare
jrackstrawf7@theguardian.com,Jaclyn,Rackstraw,Buzzbean
bmacgaheyf8@friendfeed.com,Brina,MacGahey,Meezzy
mtyttertonf9@bing.com,Marianne,Tytterton,Aimbo
fbartolfa@amazon.com,Felicdad,Bartol,Tanoodle
bgheeorghiefb@toplist.cz,Buddy,Gheeorghie,Gigaclub
zpaulyfc@theatlantic.com,Zedekiah,Pauly,Lazz
bvankinfd@yelp.com,Babette,Vankin,Babbleset
gfollittfe@hubpages.com,Greggory,Follitt,Youfeed
bredonff@seattletimes.com,Barnaby,Redon,Quire
lkettowfg@wunderground.com,Linet,Kettow,Jabbersphere
ldebenhamfh@ifeng.com,Lotte,Debenham,Oyoyo
gsentancefi@wufoo.com,Glynis,Sentance,Topiczoom
cbrennekefj@youtu.be,Constantin,Brenneke,Youfeed
arosinifk@printfriendly.com,Annadiane,Rosini,Camido
msangrafl@qq.com,Melly,Sangra,Yombu
mpiercyfm@hhs.gov,Martin,Piercy,Realbridge
fkierfn@sourceforge.net,Fairlie,Kier,Brightbean
sjellybrandfo@spotify.com,Shamus,Jellybrand,Zoonder
asebringfp@cdbaby.com,Austin,Sebring,Latz
hbrunsdonfq@1und1.de,Heidie,Brunsdon,Zoomcast
grickfordfr@deliciousdays.com,Garrett,Rickford,Pixoboo
dkleemanfs@dedecms.com,Dore,Kleeman,Skyvu
srackstrawft@paginegialle.it,Sayre,Rackstraw,Viva
ssteerefu@businessweek.com,Sascha,Steere,Edgeblab
kkillnerfv@unblog.fr,Katti,Killner,Photojam
msimonyfw@howstuffworks.com,Melisent,Simony,Feedfish
mfrippfx@dropbox.com,Major,Fripp,Ozu
gjohananofffy@1und1.de,Genny,Johananoff,Oozz
egazeyfz@phpbb.com,Euphemia,Gazey,Eidel
fbichenog0@ehow.com,Fulvia,Bicheno,Tagopia
ayakovichg1@infoseek.co.jp,Arlee,Yakovich,Topdrive
pstefanovicg2@virginia.edu,Penrod,Stefanovic,Yodo
ewikeyg3@bloglovin.com,Enid,Wikey,Trunyx
jleiboldg4@goo.ne.jp,Joshuah,Leibold,Wikizz
rsummerfieldg5@tmall.com,Red,Summerfield,Buzzdog
ahucg6@merriam-webster.com,Ashely,Huc,Flipopia
pmcilroyg7@feedburner.com,Petra,McIlroy,Zoonoodle
srosenstockg8@wufoo.com,Symon,Rosenstock,Feedbug
cgerrang9@ihg.com,Cirillo,Gerran,Oyope
cwaszczykowskiga@marriott.com,Claudia,Waszczykowski,Lazzy
ngawlergb@imdb.com,Nelie,Gawler,Demivee
mhundallgc@geocities.com,Merla,Hundall,Yadel
ccheatlegd@cmu.edu,Cory,Cheatle,Jetwire
byankeevge@gravatar.com,Broderick,Yankeev,Cogibox
eranscomegf@weibo.com,Ediva,Ranscome,Yata
vhessgg@desdev.cn,Valentin,Hess,Voomm
orosariogh@infoseek.co.jp,Ola,Rosario,Photobug
tbertwistlegi@toplist.cz,Teddi,Bertwistle,Podcat
hvanbruggj@symantec.com,Huberto,Van Brug,Skynoodle
eranscomegf@weibo.com,Ediva,Ranscome,Yata
vhessgg@desdev.cn,Valentin,Hess,Voomm
orosariogh@infoseek.co.jp,Ola,Rosario,Photobug
sfarransgn@yandex.ru,Salomone,Farrans,Bluezoom
wstablego@cam.ac.uk,Wren,Stable,Shuffledrive
szukergp@aboutads.info,Salomo,Zuker,Twinder
tpacquetgq@prweb.com,Trudie,Pacquet,Kwinu
psullergr@gnu.org,Pauline,Suller,Dynabox
vkhrishtafovichgs@home.pl,Vinny,Khrishtafovich,Skimia
slambdengt@ebay.com,Sandra,Lambden,Npath
fgunsongu@macromedia.com,Faun,Gunson,Browsecat
fmcgillgv@dyndns.org,Frederik,McGill,Divavu
cdutsongw@ca.gov,Caterina,Dutson,Youopia
rscurrahgx@usnews.com,Rikki,Scurrah,Kwilith
bnoldergy@tiny.cc,Billy,Nolder,Oyoba
rbarnwellgz@tripod.com,Rahal,Barnwell,Babblestorm
kpovahh0@nytimes.com,Kevyn,Povah,Centimia
wpulestonh1@dedecms.com,Wendy,Puleston,Oyondu
ckaleh2@sciencedirect.com,Chantal,Kale,Edgeify
pmaulkinh3@cdc.gov,Paule,Maulkin,Plambee
kgearingh4@reuters.com,Kassandra,Gearing,Devpulse
mbegganh5@patch.com,Mendie,Beggan,Roombo
rpeddersenh6@de.vu,Reynolds,Peddersen,Trupe
bmccomiskieh7@youtube.com,Berry,McComiskie,DabZ
lmarmionh8@dailymail.co.uk,Leeann,Marmion,Quimm
ahawkyensh9@etsy.com,Ambros,Hawkyens,Gabspot
rabarrowha@utexas.edu,Roy,A'Barrow,Wikizz
acuschierihb@loc.gov,Ashely,Cuschieri,Twiyo
hmcnernhc@a8.net,Harlin,McNern,Zoomdog
dabbishd@wufoo.com,Darrel,Abbis,Feedmix
adunkhe@telegraph.co.uk,Adaline,Dunk,Yakidoo
msheenhf@dagondesign.com,Melesa,Sheen,Yadel
sellingworthhg@github.io,Sig,Ellingworth,Gigaclub
hchesherhh@google.co.uk,Hubie,Chesher,Cogilith
ssinsonhi@cbsnews.com,Sibby,Sinson,Einti
tdulwichhj@si.edu,Timmi,Dulwich,Eimbee
ablindermannhk@stumbleupon.com,Alis,Blindermann,Flipopia
ceastwayhl@vinaora.com,Charita,Eastway,Oyoloo
saleixohm@gizmodo.com,Shirleen,Aleixo,Blogspan
ksuddockhn@1688.com,Keefe,Suddock,Dabtype
amouattho@pcworld.com,Alexei,Mouatt,Babbleopia
jsoigouxhp@360.cn,Jessy,Soigoux,Divavu
ftasselerhq@flickr.com,Florri,Tasseler,Linkbridge
hvereganhr@newyorker.com,Hersh,Veregan,Trilia
mfaheyhs@lulu.com,Mariette,Fahey,Livetube
emontesht@amazon.co.uk,Emery,Montes,Oloo
iwoollastonhu@wikimedia.org,Issiah,Woollaston,Eimbee
azannelihv@nsw.gov.au,Ainslie,Zanneli,Demivee
hlongfuthw@bbb.org,Horace,Longfut,Skyvu
dsouthworthhx@who.int,Dick,Southworth,JumpXS
jmaydwellhy@mit.edu,Jared,Maydwell,Ntag
ghaskeyhz@home.pl,Granville,Haskey,Plambee
cmcbreartyi0@seattletimes.com,Carmita,McBrearty,Voonix
bgaythori1@economist.com,Brand,Gaythor,Cogidoo
jiacovinoi2@mozilla.org,Jenine,Iacovino,Kaymbo
sosgerbyi3@seesaa.net,Shayla,Osgerby,Blogtag
fheartfieldi4@theguardian.com,Fredia,Heartfield,Quamba
graysi5@vistaprint.com,Gray,Rays,Skiba
tathridgei6@dyndns.org,Tulley,Athridge,Vidoo
cgowanlocki7@photobucket.com,Coralie,Gowanlock,Babblestorm
dnoltoni8@ted.com,Dieter,Nolton,Mydo
rherleyi9@independent.co.uk,Robbin,Herley,Quimm
npettegreia@intel.com,Nikki,Pettegre,Lazzy
mlockettib@mtv.com,Mendy,Lockett,Voonder
nbryantic@cornell.edu,Ninnette,Bryant,Yadel
rreppaportid@aol.com,Reeta,Reppaport,Zazio
kchoppingie@dot.gov,Kristoforo,Chopping,Fivechat
drosenbloomif@admin.ch,Dorie,Rosenbloom,Divape
estallardig@hhs.gov,Erma,Stallard,Leenti
pgateshillih@google.cn,Peyter,Gateshill,Rhybox
fcuffinii@nydailynews.com,Florentia,Cuffin,Flipstorm
hsimisterij@360.cn,Holden,Simister,Bluejam
vsummergillik@elpais.com,Van,Summergill,Realfire
rwasmeril@bigcartel.com,Reba,Wasmer,Divanoodle
sjasparim@abc.net.au,Sawyere,Jaspar,Topicshots
dmarranin@usda.gov,Dru,Marran,Buzzshare
liddisonio@army.mil,Levey,Iddison,Voonder
kdadswellip@bbb.org,Kurtis,Dadswell,Voomm
anaultyiq@ow.ly,Arliene,Naulty,Riffpedia
kreasunir@usnews.com,Koren,Reasun,Dynazzy
zfilewoodis@nih.gov,Zulema,Filewood,Quimba
rdriffeit@flickr.com,Roanna,Driffe,Kamba
ekingswoldiu@surveymonkey.com,Elvyn,Kingswold,Topicshots
atabrettiv@uol.com.br,Aaron,Tabrett,Abatz
vgiggieiw@pagesperso-orange.fr,Vanna,Giggie,Cogidoo
klalorix@gnu.org,Kayle,Lalor,Twitterwire
sfarndaleiy@nps.gov,Shela,Farndale,Centimia
vferrieroiiz@liveinternet.ru,Vincenty,Ferrieroi,Gabcube
skubanekj0@myspace.com,Shane,Kubanek,Linktype
fjustj1@yellowpages.com,Freedman,Just,Oyonder
pcareyj2@youtube.com,Pammy,Carey,Twimm
tgallallyj3@webeden.co.uk,Thom,Gallally,Realmix
vmulfordj4@house.gov,Vince,Mulford,Rhyzio
veppersonj5@diigo.com,Vonnie,Epperson,Zoonder
mcomriej6@timesonline.co.uk,Micheal,Comrie,Flashspan
jshellidayj7@washington.edu,Jerry,Shelliday,Eayo
bmilesj8@cornell.edu,Boyd,Miles,Kayveo
uayersj9@cbsnews.com,Ulla,Ayers,Skinder
dskirvenja@wufoo.com,Dillie,Skirven,Wordware
mferrickjb@pinterest.com,Mireielle,Ferrick,Pixonyx
asultanajc@oakley.com,Alwin,Sultana,Linkbuzz
aohoeyjd@g.co,Athene,O'Hoey,Youbridge
awortsje@goodreads.com,Annissa,Worts,Zoombeat
tseegarjf@pen.io,Tedmund,Seegar,Wordify
cdetocjg@netlog.com,Con,Detoc,Shuffledrive
lrogeonjh@squidoo.com,Lynn,Rogeon,Livetube
cbuftonji@tiny.cc,Court,Bufton,Tagtune
vlarmettjj@narod.ru,Valeda,Larmett,Youspan
rnoddlesjk@deviantart.com,Rhodia,Noddles,Wordpedia
mfeareyjl@wisc.edu,Marieann,Fearey,Dynazzy
hgibbinsjm@shop-pro.jp,Hercules,Gibbins,Quatz
lhinemoorjn@wsj.com,Lacie,Hinemoor,Eayo
opettitjo@mail.ru,Orbadiah,Pettit,Jetpulse
mcraikerjp@people.com.cn,Mill,Craiker,Thoughtbridge
liveljq@home.pl,Laurene,Ivel,Voomm
thembryjr@umich.edu,Torrin,Hembry,Cogilith
jweemsjs@apache.org,Joell,Weems,Tanoodle
glansberryjt@shareasale.com,Georgy,Lansberry,Yamia
kbremondju@ihg.com,Kristopher,Bremond,Brainsphere
cheggadonjv@wordpress.org,Cyrus,Heggadon,Skaboo
icurwoodjw@hp.com,Inesita,Curwood,Photospace
dbrabenjx@abc.net.au,Davita,Braben,Babbleopia
msawdyjy@blogtalkradio.com,Margot,Sawdy,Thoughtbeat
nmicklewrightjz@netscape.com,Nisse,Micklewright,Mydeo
godorank0@cnbc.com,Geoffrey,O'Doran,Tagcat
idaykink1@uiuc.edu,Iorgos,Daykin,Quatz
gocrevyk2@blogs.com,Gael,O'Crevy,Skaboo
jgraftonherbertk3@japanpost.jp,Juana,Grafton-Herbert,Trudeo
apaolonik4@godaddy.com,Adara,Paoloni,Roomm
adeeblek5@furl.net,Annamaria,Deeble,Thoughtbeat
amicheuk6@deviantart.com,Annecorinne,Micheu,Photojam
lgladstonek7@elegantthemes.com,Licha,Gladstone,Topiczoom
ecouragek8@hatena.ne.jp,Ekaterina,Courage,Tagcat
araffk9@arstechnica.com,Ardith,Raff,Topicblab
vpetraitiska@icio.us,Venita,Petraitis,Tazzy
wshippeykb@simplemachines.org,Werner,Shippey,Thoughtstorm
wmanthroppekc@archive.org,Wini,Manthroppe,Aibox
pcellikd@hibu.com,Pammi,Celli,Babbleset
cdumpletonke@cnn.com,Carly,Dumpleton,Lazz
tdrachekf@statcounter.com,Talia,Drache,Dynabox
gdefrainekg@dot.gov,Galen,Defraine,Ooba
imunseykh@pagesperso-orange.fr,Idell,Munsey,Kaymbo
rspurdenski@cyberchimps.com,Rudolph,Spurdens,Tavu
rskaymankj@domainmarket.com,Riobard,Skayman,Browsecat
ytowndrowkk@posterous.com,Yance,Towndrow,Tagpad
leliskl@sourceforge.net,Lanette,Elis,Oozz
ehattokm@toplist.cz,Erick,Hatto,Rhyzio
dstennerkn@feedburner.com,Dolf,Stenner,Twitterwire
hduthieko@netscape.com,Holmes,Duthie,Voomm
kgerrietkp@tumblr.com,Karola,Gerriet,Avamba
xgarnettkq@wufoo.com,Xymenes,Garnett,Mudo
swroughtonkr@ocn.ne.jp,Suzi,Wroughton,Katz
scrollyks@tamu.edu,Stephen,Crolly,Twitterwire
mbathoekt@cbc.ca,Marshall,Bathoe,Feednation
kbenedettiniku@homestead.com,Kent,Benedettini,Abatz
jtwellkv@bloomberg.com,Jarret,Twell,Oyonder
gmaccourtkw@clickbank.net,Gaile,MacCourt,Blognation
bglasgowkx@upenn.edu,Bette,Glasgow,Livetube
jemmattky@dropbox.com,Joycelin,Emmatt,Eare
sberrisfordkz@twitter.com,Scot,Berrisford,Riffpedia
amachinl0@hugedomains.com,Alejoa,Machin,Oyoloo
mandriuzzil1@example.com,Marni,Andriuzzi,Kayveo
nlodinl2@stumbleupon.com,Natalina,Lodin,Meedoo
dcarsl3@shareasale.com,Dania,Cars,Kimia
wpirouetl4@smugmug.com,Willi,Pirouet,Katz
gcornelyl5@bloglines.com,Garvey,Cornely,Yodel
nfuxmanl6@squarespace.com,Nance,Fuxman,Youfeed
jkenvinl7@zimbio.com,Jacquelyn,Kenvin,Yodel
srotherforthl8@bloglines.com,Sisely,Rotherforth,Yakijo
eburburyl9@cisco.com,Em,Burbury,Skipfire
cwidmoorla@eventbrite.com,Christan,Widmoor,Zava
jtytlerlb@spiegel.de,Jolie,Tytler,Riffpath
echrestienlc@delicious.com,Edee,Chrestien,Eadel
ahorryld@omniture.com,Ailsun,Horry,Dabfeed
dharbertle@mail.ru,Desmond,Harbert,Roombo
anultylf@histats.com,Ase,Nulty,Riffwire
mhultberglg@latimes.com,Mathilde,Hultberg,Omba
trymilllh@cnet.com,Tito,Rymill,Eire
smissonli@ucla.edu,Shel,Misson,Photofeed
gferreiralj@java.com,Gardner,Ferreira,Flipopia
bgeraldinilk@constantcontact.com,Bryce,Geraldini,Yodel
hderuggeroll@histats.com,Helyn,De Ruggero,Katz
tduignanlm@mapy.cz,Templeton,Duignan,Jetwire
tlevershaln@lycos.com,Trix,Leversha,Fliptune
isimmonettlo@wordpress.org,Iolanthe,Simmonett,Oyoba
amanolovlp@flavors.me,Agretha,Manolov,Gabspot
cdemitrislq@army.mil,Cornelia,De Mitris,Yodo
kfowleylr@canalblog.com,Kele,Fowley,Edgetag
wdearnalyls@t.co,Wainwright,Dearnaly,Aimbo
myakuntzovlt@webeden.co.uk,Morganne,Yakuntzov,Kaymbo
hbackelu@google.nl,Halimeda,Backe,Lajo
ajandllv@youtube.com,Alysia,Jandl,Flipstorm
rmathelinlw@cafepress.com,Rutherford,Mathelin,Skimia
omcdugallx@mac.com,Oren,McDugal,Podcat
csowlely@amazonaws.com,Charissa,Sowle,Twitterlist
fbainelz@comsenz.com,Florella,Baine,Gabvine
fjenkynm0@alexa.com,Ferdinand,Jenkyn,Realfire
mchitsonm1@cocolog-nifty.com,Myrwyn,Chitson,Twimm
lgrevattm2@statcounter.com,Lani,Grevatt,Chatterbridge
cpengilleym3@wisc.edu,Carl,Pengilley,Quimm
mgodballm4@sourceforge.net,Marguerite,Godball,Yakidoo
msherrinm5@admin.ch,Maisie,Sherrin,Buzzbean
erokem6@usatoday.com,Elvera,Roke,Twimm
lewinsm7@squidoo.com,Lane,Ewins,Skibox
dturnm8@yellowpages.com,Derrick,Turn,Fivespan
shallbirdm9@blog.com,Stephi,Hallbird,Quamba
tlemarma@blogspot.com,Timmie,Lemar,Yoveo
mmacturloughmb@apache.org,Marshal,MacTurlough,Devbug
jsheptonmc@narod.ru,Jaquelin,Shepton,Edgetag
scheversmd@blinklist.com,Seamus,Chevers,Meezzy
ntilleme@gravatar.com,Nikolos,Tille,Zoozzy
libertmf@omniture.com,Logan,Ibert,Photofeed
lcozensmg@nymag.com,Lizzy,Cozens,Blogpad
nlodymh@elpais.com,Nanon,Lody,Browsetype
liwanickimi@elegantthemes.com,Lindy,Iwanicki,Vidoo
mrusbridgemj@imdb.com,Minny,Rusbridge,Quinu
mgorickmk@cdbaby.com,Moina,Gorick,Demivee
cvandermarkml@amazon.de,Cherilyn,Van der Mark,Devpulse
narkinmm@ning.com,Noelle,Arkin,Zooveo
gfallanchemn@webs.com,Glenine,Fallanche,Mynte
msenussimo@deviantart.com,Maritsa,Senussi,Thoughtmix
cthowesmp@pbs.org,Casie,Thowes,Mydo
fbonehammq@nyu.edu,Fayette,Boneham,Topicstorm
sksandramr@stumbleupon.com,Stafani,Ksandra,Twitterwire
rwillmanms@jiathis.com,Raoul,Willman,Feedfish
eancliffmt@wordpress.com,Eziechiele,Ancliff,Thoughtstorm
rmallyamu@timesonline.co.uk,Rubetta,Mallya,Kaymbo
snoddingsmv@unesco.org,Spencer,Noddings,Abata
rlaurensmw@apple.com,Rurik,Laurens,Thoughtstorm
escapensmx@yellowpages.com,Edward,Scapens,Wikido
cjoannicmy@virginia.edu,Cristy,Joannic,Meetz
mbachmanmz@nydailynews.com,Matty,Bachman,Skyba
vodonegann0@list-manage.com,Vin,O'Donegan,Brightdog
bfishn1@opera.com,Braden,Fish,Roodel
mbollumn2@icq.com,Marylee,Bollum,Quinu
mhaggerwoodn3@artisteer.com,Myrna,Haggerwood,Babbleblab
mrobinetn4@google.ru,Mandie,Robinet,Yakijo
jmeakern5@domainmarket.com,Janessa,Meaker,Eayo
imccreeryn6@booking.com,Irena,McCreery,Jamia
mhugilln7@cornell.edu,Marshal,Hugill,Quaxo
vheigoldn8@prlog.org,Vanny,Heigold,Thoughtworks
pmccartneyn9@ycombinator.com,Poppy,McCartney,Fiveclub
hgellettna@dropbox.com,Hillyer,Gellett,Zooveo
mnoddlenb@twitter.com,Moria,Noddle,Flashpoint
roroannc@parallels.com,Ronald,O'Roan,Zoombeat
vabsolonnd@printfriendly.com,Veronike,Absolon,Tagcat
kchewne@ted.com,Kirsti,Chew,Bluezoom
jantatnf@indiatimes.com,Jodie,Antat,Yacero
tmillimoeng@amazon.co.uk,Teena,Millimoe,Devbug
ocuniffenh@clickbank.net,Odetta,Cuniffe,Kazio
gorchardni@xing.com,Glenna,Orchard,Tazzy
rglabachnj@apple.com,Rog,Glabach,Chatterbridge
kgilsonnk@pbs.org,Kathye,Gilson,Meembee
imeadenl@pbs.org,Isidora,Meade,Dabfeed
jthayrenm@photobucket.com,Jenelle,Thayre,Trudeo
jdamsellnn@ca.gov,Jeanie,Damsell,Yodel
dspridgeonno@unblog.fr,Danyelle,Spridgeon,Tazz
thartillnp@latimes.com,Thadeus,Hartill,Babbleopia
rleathleynq@angelfire.com,Rubina,Leathley,Browseblab
pgareynr@sogou.com,Patrice,Garey,Gabcube
wcockshootns@shutterfly.com,Wilmer,Cockshoot,Innotype
esilburnnt@topsy.com,Electra,Silburn,Divanoodle
ngambienu@paginegialle.it,Nicolle,Gambie,Vidoo
jdresselnv@a8.net,Joete,Dressel,Dablist
oroachnw@boston.com,Olin,Roach,Edgeify
egarawaynx@unesco.org,Ebonee,Garaway,Vidoo
rmaccullochny@cornell.edu,Ranique,MacCulloch,Meevee
gsherrettnz@mozilla.org,Grayce,Sherrett,Yamia
jmussolinio0@histats.com,Jessica,Mussolini,Fatz
gashursto1@discuz.net,Giulio,Ashurst,Midel
hfreckinghamo2@multiply.com,Hanny,Freckingham,Browsetype
rgriffoeno3@shinystat.com,Ronalda,Griffoen,Skynoodle
dchessuno4@reverbnation.com,Debbie,Chessun,Dynava
jduigano5@spiegel.de,Jessie,Duigan,Kamba
gvassallo6@un.org,Garrick,Vassall,Realcube
hlewseyo7@example.com,Hersch,Lewsey,Eidel
mmcculleno8@scientificamerican.com,Marj,McCullen,Roombo
hsleeo9@apache.org,Hertha,Slee,Blogtags
dtomczykiewiczoa@soundcloud.com,Dorena,Tomczykiewicz,Zoovu
bcraiggob@last.fm,Bartholomeo,Craigg,Dynazzy
lvanyashkinoc@bizjournals.com,Leslie,Vanyashkin,Oloo
ngrinyakinod@prlog.org,Nike,Grinyakin,Realbuzz
jgallihaulkoe@usa.gov,Janifer,Gallihaulk,Jabbersphere
oculletonof@about.com,Omar,Culleton,Babbleopia
eerikog@clickbank.net,Elizabeth,Erik,Eadel
tbenoitoh@ox.ac.uk,Tedie,Benoit,Eazzy
oheinloi@chicagotribune.com,Ogden,Heinl,Skiptube
tdurstonoj@deliciousdays.com,Thaddus,Durston,Oozz
pcockrellok@psu.edu,Pia,Cockrell,Voonyx
cdulintyol@nyu.edu,Cord,Dulinty,Avaveo
sdunkom@bigcartel.com,Shanna,Dunk,Rhyzio
adearloveon@ted.com,Alvina,Dearlove,Abatz
jwibberleyoo@state.gov,Joly,Wibberley,Lazzy
tgirvinop@alibaba.com,Tudor,Girvin,Blognation
sbremingoq@printfriendly.com,Sarge,Breming,Skimia
lseymouror@google.it,Lorelle,Seymour,Aimbo
crojasos@jalbum.net,Chas,Rojas,Bubblemix
snewarteot@gov.uk,Shell,Newarte,Browsebug
ecakesou@dell.com,Edsel,Cakes,Realbridge
rbyattov@redcross.org,Robers,Byatt,Thoughtblab
apermainow@desdev.cn,Alayne,Permain,Voonix
acrouchox@lulu.com,Antonie,Crouch,Fiveclub
bmcgladeoy@dell.com,Bryce,McGlade,Aimbu
brathboneoz@house.gov,Bruce,Rathbone,Dazzlesphere
mfairecloughp0@google.nl,Mattie,Faireclough,Dabtype
jattkinsp1@auda.org.au,Jehu,Attkins,Realpoint
jjarleyp2@indiatimes.com,Jermain,Jarley,Quinu
wfawlksp3@mac.com,Wallas,Fawlks,Lazzy
nlarnerp4@moonfruit.com,Nalani,Larner,Oyoyo
iraglessp5@smugmug.com,Isidor,Ragless,Riffwire
kallenderp6@wikispaces.com,Karalee,Allender,Snaptags
mblasip7@angelfire.com,Maddie,Blasi,Wikibox
tskeggp8@t.co,Tam,Skegg,Youspan
rdonlonp9@youku.com,Rufe,Donlon,Voonte
igladebeckpa@sourceforge.net,Ilene,Gladebeck,Yodo
vmarkpb@wikia.com,Verla,Mark,Kwinu
laimablepc@ibm.com,Lyman,Aimable,Fivebridge
dreadmirepd@slashdot.org,Delora,Readmire,Jabbercube
dmillbankpe@ezinearticles.com,Davide,Millbank,Photolist
kbuchampf@w3.org,Kellsie,Bucham,Wikizz
rtourspg@foxnews.com,Ramonda,Tours,Yodoo
cjohanssonph@lycos.com,Carline,Johansson,Linkbuzz
egrevelpi@cbc.ca,Ede,Grevel,Latz
gscroggspj@mlb.com,Garwin,Scroggs,Riffpath
jcoomerpk@wikia.com,Junia,Coomer,Youopia
iknaggspl@arstechnica.com,Isadore,Knaggs,Twitternation
mlehrianpm@pcworld.com,Masha,Lehrian,Leenti
cgowingpn@symantec.com,Corene,Gowing,Eamia
evanrosspo@twitpic.com,Erinna,Van Ross,Zazio
cklauberpp@jalbum.net,Cassie,Klauber,Wikido
wduftonpq@ftc.gov,Waldo,Dufton,Buzzdog
lcozenspr@theguardian.com,Lind,Cozens,Devpulse
dblowinps@berkeley.edu,Damiano,Blowin,Voolith
nbenninckpt@noaa.gov,Nickie,Benninck,Jaxworks
amckevanypu@nsw.gov.au,Ashbey,McKevany,Youspan
leastampv@moonfruit.com,Linnet,Eastam,Photobean
cbodellpw@earthlink.net,Carla,Bodell,Jayo
aalesinpx@ning.com,Astra,Alesin,Innotype
pezelepy@acquirethisname.com,Prue,Ezele,Bubbletube
fcapstakepz@hostgator.com,Filia,Capstake,Plajo
ctibbsq0@google.it,Chadd,Tibbs,Abatz
nrounsefellq1@flavors.me,Nevin,Rounsefell,Linklinks
iresunq2@wisc.edu,Ilyse,Resun,Fliptune
heaglandq3@vistaprint.com,Hurley,Eagland,Rhyzio
nworshallq4@hugedomains.com,Nikolai,Worshall,Zoomdog
fmazziaq5@deviantart.com,Fairfax,Mazzia,Browseblab
mximenezq6@symantec.com,Morley,Ximenez,Linktype
mlefeverq7@comsenz.com,Mandie,Lefever,Flipbug
ttrueq8@mediafire.com,Tamiko,TRUE,Demizz
cdallasq9@dedecms.com,Cindy,Dallas,Linklinks
ssircombqa@tamu.edu,Simone,Sircomb,Oyondu
tjaynesqb@smh.com.au,Terry,Jaynes,Livetube
qbevingtonqc@youtube.com,Quintana,Bevington,Aivee
ashrimplinqd@sphinn.com,Arlan,Shrimplin,Kimia
mbloxamqe@washington.edu,Magnum,Bloxam,Dazzlesphere
lostridgeqf@usa.gov,Leilah,Ostridge,Tazz
arichfieldqg@cloudflare.com,Alvis,Richfield,Kwinu
bhenzleyqh@youtube.com,Blaine,Henzley,Skyba
yvyeqi@goo.gl,Yanaton,Vye,Fivechat
mpavelinqj@rediff.com,Malorie,Pavelin,Skiba
eharrinsonqk@amazonaws.com,Early,Harrinson,Skynoodle
cmaccourtql@tinyurl.com,Colas,MacCourt,Skimia
ltraseqm@omniture.com,Lucina,Trase,Twitterlist
ryakuntsovqn@ebay.com,Renie,Yakuntsov,Devshare
jeganqo@usatoday.com,Justino,Egan,Twimm
lpunshonqp@europa.eu,Lane,Punshon,Edgeblab
mattwoolqq@about.com,Monte,Attwool,Jabbersphere
cstaggeqr@acquirethisname.com,Cordie,Stagge,Twinte
pcamackeqs@scribd.com,Pierette,Camacke,Dynabox
dlumpkinqt@jigsy.com,Deedee,Lumpkin,Geba
ehindhaughqu@webmd.com,Ernesta,Hindhaugh,Browsezoom
abracherqv@wired.com,Auroora,Bracher,Jaloo
smckimqw@psu.edu,Suzy,McKim,Meevee
pbyssheqx@cmu.edu,Pierrette,Bysshe,Leexo
dsiddensqy@dedecms.com,Daffy,Siddens,Janyx
akidstonqz@blogtalkradio.com,Andria,Kidston,Trudeo
asheafr0@bloglovin.com,Arliene,Sheaf,Brainsphere
gmacquarrier1@unblog.fr,Giacinta,MacQuarrie,Talane
dbloxholmr2@unicef.org,Darline,Bloxholm,Plambee
ldellitrd@g.co,Livvie,Dellit,Topiczoom
fthornhillre@who.int,Foster,Thornhill,Jabbersphere
jhazardr5@guardian.co.uk,Jerrie,Hazard,Rooxo
rhayhoer6@arstechnica.com,Rennie,Hayhoe,Zoombox
ekillwickr7@example.com,Elnora,Killwick,Skynoodle
ldellitrd@g.co,Livvie,Dellit,Topiczoom
fthornhillre@who.int,Foster,Thornhill,Jabbersphere
fdiggensra@phpbb.com,Falkner,Diggens,Realbuzz
gcostonrb@sohu.com,Gussie,Coston,Riffwire
tbaseleyrc@eepurl.com,Thalia,Baseley,Ntags
ldellitrd@g.co,Livvie,Dellit,Topiczoom
fthornhillre@who.int,Foster,Thornhill,Jabbersphere
cvillarf@craigslist.org,Cristy,Villa,Abatz
mtaitrg@eepurl.com,Marilee,Tait,Jabbersphere
bstringfellowrh@wikispaces.com,Bear,Stringfellow,Dabvine
thargittri@liveinternet.ru,Trudie,Hargitt,Eabox
lmccorleyrj@si.edu,Laurie,McCorley,Thoughtstorm
ohallumsrk@va.gov,Ora,Hallums,Brainsphere
bchavezrl@com.com,Binky,Chavez,Blognation
aplayhillrm@ox.ac.uk,Armstrong,Playhill,Bubblemix
cfilchakovrn@businesswire.com,Cullen,Filchakov,Nlounge
sstruijsro@geocities.com,Sydel,Struijs,Realblab
wpaulusrp@spotify.com,Willow,Paulus,Kaymbo
crenerq@cdbaby.com,Currey,Rene,Dabfeed
akiggelrr@baidu.com,Angie,Kiggel,Geba